<?xml version="1.0" encoding="utf-8" ?>
<dwsync>
<file name="html5shiv-printshiv.js" server="C:/xampp/htdocs/~j215029/InternetContents/" local="131453891753245239" remote="131453891750000000" Dst="0" />
<file name="html5shiv.js" server="C:/xampp/htdocs/~j215029/InternetContents/" local="131453891753796695" remote="131453891750000000" Dst="0" />
<file name="jquery.js" server="C:/xampp/htdocs/~j215029/InternetContents/" local="131453891754709337" remote="131453891750000000" Dst="0" />
<file name="common.js" server="C:/xampp/htdocs/~j215029/InternetContents/" local="131455008463547319" remote="131454998370000000" Dst="0" />
<file name="jquery.js" server="urban.ccs.kogakuin.ac.jp/intra_html/InternetContents/" local="131453891754709337" remote="131454665050000000" Dst="0" />
<file name="common.js" server="urban.ccs.kogakuin.ac.jp/intra_html/InternetContents/" local="131455008463547319" remote="131455019840000000" Dst="0" />
<file name="html5shiv-printshiv.js" server="urban.ccs.kogakuin.ac.jp/intra_html/InternetContents/" local="131453891753245239" remote="131454665160000000" Dst="0" />
<file name="html5shiv.js" server="urban.ccs.kogakuin.ac.jp/intra_html/InternetContents/" local="131453891753796695" remote="131454665160000000" Dst="0" />
</dwsync>