<?xml version="1.0" encoding="utf-8" ?>
<dwsync>
<file name="duet1.JPG" server="C:/xampp/htdocs/~j215029/InternetContents/" local="131454010478192475" remote="131454010470000000" Dst="0" />
<file name="duet2.JPG" server="C:/xampp/htdocs/~j215029/InternetContents/" local="131454010443382326" remote="131454010440000000" Dst="0" />
<file name="mailto.svg" server="C:/xampp/htdocs/~j215029/InternetContents/" local="131454027145084679" remote="131454027140000000" Dst="0" />
<file name="ABOUT.png" server="C:/xampp/htdocs/~j215029/InternetContents/" local="131454576880000000" remote="131454576880000000" Dst="0" />
<file name="BLOG.png" server="C:/xampp/htdocs/~j215029/InternetContents/" local="131454565400000000" remote="131454565400000000" Dst="0" />
<file name="WORKS.png" server="C:/xampp/htdocs/~j215029/InternetContents/" local="131454891409866308" remote="131454891400000000" Dst="0" />
<file name="SOURCES.png" server="C:/xampp/htdocs/~j215029/InternetContents/" local="131454585980000000" remote="131454585980000000" Dst="0" />
<file name="banner_minecraft.png" server="C:/xampp/htdocs/~j215029/InternetContents/" local="131454647577180056" remote="131454647570000000" Dst="0" />
<file name="banner_battlefield.png" server="C:/xampp/htdocs/~j215029/InternetContents/" local="131454655642862716" remote="131454655640000000" Dst="0" />
<file name="duet1.JPG" server="urban.ccs.kogakuin.ac.jp/intra_html/InternetContents/" local="131454010478192475" remote="131454665070000000" Dst="0" />
<file name="duet2.JPG" server="urban.ccs.kogakuin.ac.jp/intra_html/InternetContents/" local="131454010443382326" remote="131454665070000000" Dst="0" />
<file name="banner_minecraft.png" server="urban.ccs.kogakuin.ac.jp/intra_html/InternetContents/" local="131454647577180056" remote="131454665110000000" Dst="0" />
<file name="banner_battlefield.png" server="urban.ccs.kogakuin.ac.jp/intra_html/InternetContents/" local="131454655642862716" remote="131454665110000000" Dst="0" />
<file name="ABOUT.png" server="urban.ccs.kogakuin.ac.jp/intra_html/InternetContents/" local="131454576880000000" remote="131454665110000000" Dst="0" />
<file name="BLOG.png" server="urban.ccs.kogakuin.ac.jp/intra_html/InternetContents/" local="131454565400000000" remote="131454665120000000" Dst="0" />
<file name="mailto.svg" server="urban.ccs.kogakuin.ac.jp/intra_html/InternetContents/" local="131454027145084679" remote="131454665150000000" Dst="0" />
<file name="SOURCES.png" server="urban.ccs.kogakuin.ac.jp/intra_html/InternetContents/" local="131454585980000000" remote="131454665150000000" Dst="0" />
<file name="WORKS.png" server="urban.ccs.kogakuin.ac.jp/intra_html/InternetContents/" local="131454576740000000" remote="131454665150000000" Dst="0" />
<file name="katotai0215_artist.png" server="C:/xampp/htdocs/~j215029/InternetContents/" local="131454858436367328" remote="131454858430000000" Dst="0" />
<file name="kou969_artist.JPG" server="C:/xampp/htdocs/~j215029/InternetContents/" local="131454848965578405" remote="131454848960000000" Dst="0" />
<file name="Games.png" server="C:/xampp/htdocs/~j215029/InternetContents/" local="131454891259172302" remote="131454891250000000" Dst="0" />
<file name="About.png" server="C:/xampp/htdocs/~j215029/InternetContents/" local="131454891343294451" remote="131454891340000000" Dst="0" />
<file name="Blog.png" server="C:/xampp/htdocs/~j215029/InternetContents/" local="131454891104395511" remote="131454891100000000" Dst="0" />
<file name="Sources.png" server="C:/xampp/htdocs/~j215029/InternetContents/" local="131454900858958363" remote="131454900850000000" Dst="0" />
<file name="Works.png" server="C:/xampp/htdocs/~j215029/InternetContents/" local="131454891409866308" remote="131454891400000000" Dst="0" />
<file name="Blog.png" server="urban.ccs.kogakuin.ac.jp/intra_html/InternetContents/" local="131454891104395511" remote="131455000000000000" Dst="0" />
<file name="Works.png" server="urban.ccs.kogakuin.ac.jp/intra_html/InternetContents/" local="131454891409866308" remote="131455000010000000" Dst="0" />
<file name="Games.png" server="urban.ccs.kogakuin.ac.jp/intra_html/InternetContents/" local="131454891259172302" remote="131455000010000000" Dst="0" />
<file name="About.png" server="urban.ccs.kogakuin.ac.jp/intra_html/InternetContents/" local="131454891343294451" remote="131455000010000000" Dst="0" />
<file name="Sources.png" server="urban.ccs.kogakuin.ac.jp/intra_html/InternetContents/" local="131454900858958363" remote="131455000010000000" Dst="0" />
<file name="katotai0215_artist.png" server="urban.ccs.kogakuin.ac.jp/intra_html/InternetContents/" local="131454858436367328" remote="131455000030000000" Dst="0" />
<file name="kou969_artist.JPG" server="urban.ccs.kogakuin.ac.jp/intra_html/InternetContents/" local="131454848965578405" remote="131455000030000000" Dst="0" />
</dwsync>