<?xml version="1.0" encoding="utf-8" ?>
<dwsync>
<file name="borokire_logo_line_BL.png" server="C:/xampp/htdocs/~j215029/InternetContents/" local="131454350441267970" remote="131454350440000000" Dst="0" />
<file name="borokire_logo_line_WH.png" server="C:/xampp/htdocs/~j215029/InternetContents/" local="131454350821941136" remote="131454350820000000" Dst="0" />
<file name="borokire_logo_only_WH.tif" server="C:/xampp/htdocs/~j215029/InternetContents/" local="131454340025839521" remote="131454340020000000" Dst="0" />
<file name="borokire_logo_WH.png" server="C:/xampp/htdocs/~j215029/InternetContents/" local="131454337587843153" remote="131454337580000000" Dst="0" />
<file name="borokire_mark_BL.png" server="C:/xampp/htdocs/~j215029/InternetContents/" local="131454349779843546" remote="131454349770000000" Dst="0" />
<file name="borokire_mark_WH.png" server="C:/xampp/htdocs/~j215029/InternetContents/" local="131454350095222060" remote="131454350090000000" Dst="0" />
<file name="borokire_logo_WH.png" server="urban.ccs.kogakuin.ac.jp/intra_html/InternetContents/" local="131454337587843153" remote="131454665080000000" Dst="0" />
<file name="borokire_logo_line_BL.png" server="urban.ccs.kogakuin.ac.jp/intra_html/InternetContents/" local="131454350441267970" remote="131454665120000000" Dst="0" />
<file name="borokire_logo_line_WH.png" server="urban.ccs.kogakuin.ac.jp/intra_html/InternetContents/" local="131454350821941136" remote="131454665120000000" Dst="0" />
<file name="borokire_logo_only_WH.tif" server="urban.ccs.kogakuin.ac.jp/intra_html/InternetContents/" local="131454340025839521" remote="131454665140000000" Dst="0" />
<file name="borokire_mark_BL.png" server="urban.ccs.kogakuin.ac.jp/intra_html/InternetContents/" local="131454349779843546" remote="131454665140000000" Dst="0" />
<file name="borokire_mark_WH.png" server="urban.ccs.kogakuin.ac.jp/intra_html/InternetContents/" local="131454350095222060" remote="131454665140000000" Dst="0" />
</dwsync>